category,path
Animals,/Animals/Pets
Animals,/Animals/Pets/Exotic Pets
Animals,/Animals/Pets/Pet Food & Supplies
Animals,/Animals/Veterinarians
Animals,/Animals/Wildlife
Arts & Humanities,/Arts & Humanities/Books & Literature
Arts & Humanities,/Arts & Humanities/Books & Literature/Book Retailers
Arts & Humanities,/Arts & Humanities/Books & Literature/E-Books
Arts & Humanities,/Arts & Humanities/Books & Literature/Fan Fiction
Arts & Humanities,/Arts & Humanities/Books & Literature/Poetry
Arts & Humanities,/Arts & Humanities/Humanities
Arts & Humanities,/Arts & Humanities/Humanities/History
Arts & Humanities,/Arts & Humanities/Humanities/Myth & Folklore
Arts & Humanities,/Arts & Humanities/Theater & Performing Arts
Arts & Humanities,/Arts & Humanities/Visual Arts
Automotive,/Automotive/Auto Financing
Automotive,/Automotive/Auto Insurance
Automotive,/Automotive/Auto Parts
Automotive,/Automotive/Auto Parts/Vehicle Tires
Automotive,/Automotive/Car Shows
Automotive,/Automotive/Car Stereo
Automotive,/Automotive/Custom & Performance Vehicles
Automotive,/Automotive/Hybrid & Alternative Vehicles
Automotive,/Automotive/Motorcycles
Automotive,/Automotive/Off-Road & Recreational Vehicles
Automotive,/Automotive/Trucks & SUVs
Automotive,/Automotive/Vehicle Brands
Automotive,/Automotive/Vehicle Brands/Acura
Automotive,/Automotive/Vehicle Brands/Audi
Automotive,/Automotive/Vehicle Brands/BMW
Automotive,/Automotive/Vehicle Brands/Cadillac
Automotive,/Automotive/Vehicle Brands/Chevrolet
Automotive,/Automotive/Vehicle Brands/Chrysler
Automotive,/Automotive/Vehicle Brands/Citroen
Automotive,/Automotive/Vehicle Brands/Dodge
Automotive,/Automotive/Vehicle Brands/Fiat
Automotive,/Automotive/Vehicle Brands/Ford
Automotive,/Automotive/Vehicle Brands/GMC
Automotive,/Automotive/Vehicle Brands/Honda
Automotive,/Automotive/Vehicle Brands/Hyundai
Automotive,/Automotive/Vehicle Brands/Jeep
Automotive,/Automotive/Vehicle Brands/Kia
Automotive,/Automotive/Vehicle Brands/Lexus
Automotive,/Automotive/Vehicle Brands/Lincoln
Automotive,/Automotive/Vehicle Brands/Mazda
Automotive,/Automotive/Vehicle Brands/Mercedes-Benz
Automotive,/Automotive/Vehicle Brands/Mercury
Automotive,/Automotive/Vehicle Brands/Mitsubishi
Automotive,/Automotive/Vehicle Brands/Nissan
Automotive,/Automotive/Vehicle Brands/Peugeot
Automotive,/Automotive/Vehicle Brands/Pontiac
Automotive,/Automotive/Vehicle Brands/Porsche
Automotive,/Automotive/Vehicle Brands/Renault
Automotive,/Automotive/Vehicle Brands/Saturn
Automotive,/Automotive/Vehicle Brands/Subaru
Automotive,/Automotive/Vehicle Brands/Toyota
Automotive,/Automotive/Vehicle Brands/Volkswagen
Automotive,/Automotive/Vehicle Brands/Volvo
Automotive,/Automotive/Vehicle Licensing & Registration
Automotive,/Automotive/Vehicle Maintenance
Automotive,/Automotive/Vehicle Shopping
Beauty & Personal Care,/Beauty & Personal Care/Beauty Magazines
Beauty & Personal Care,/Beauty & Personal Care/Body Art
Beauty & Personal Care,/Beauty & Personal Care/Cosmetic Surgery
Beauty & Personal Care,/Beauty & Personal Care/Cosmetology & Beauty Professionals
Beauty & Personal Care,/Beauty & Personal Care/Face & Body Care
Beauty & Personal Care,/Beauty & Personal Care/Face & Body Care/Cosmetics
Beauty & Personal Care,/Beauty & Personal Care/Face & Body Care/Fragrances
Beauty & Personal Care,/Beauty & Personal Care/Face & Body Care/Hair Removal
Beauty & Personal Care,/Beauty & Personal Care/Face & Body Care/Hygiene & Toiletries
Beauty & Personal Care,/Beauty & Personal Care/Face & Body Care/Skin & Nail Care
Beauty & Personal Care,/Beauty & Personal Care/Fitness
Beauty & Personal Care,/Beauty & Personal Care/Fitness/Bodybuilding
Beauty & Personal Care,/Beauty & Personal Care/Fitness/Yoga & Pilates
Beauty & Personal Care,/Beauty & Personal Care/Hair Care & Products
Beauty & Personal Care,/Beauty & Personal Care/Hair Care & Products/Hair Loss
Beauty & Personal Care,/Beauty & Personal Care/Spas & Beauty Services
Beauty & Personal Care,/Beauty & Personal Care/Spas & Beauty Services/Massage Therapy
Beauty & Personal Care,/Beauty & Personal Care/Weight Loss
Business,/Business/Advertising & Marketing
Business,/Business/Advertising & Marketing/Marketing Services
Business,/Business/Advertising & Marketing/Public Relations
Business,/Business/Advertising & Marketing/Telemarketing
Business,/Business/Business Plans & Presentations
Business,/Business/Business Schools & Training
Business,/Business/Business Services & Consulting
Business,/Business/Business Services & Consulting/Fire & Security Services
Business,/Business/Business Services & Consulting/Knowledge Management
Business,/Business/Business Services & Consulting/Outsourcing
Business,/Business/Business Services & Consulting/Physical Asset Management
Business,/Business/Business Services & Consulting/Quality Control & Tracking
Business,/Business/Corporate Events
Business,/Business/Corporate Events/Trade Shows & Conventions
Business,/Business/E-Commerce
Business,/Business/E-Commerce/Merchant Services & Payment Systems
Business,/Business/Human Resources
Business,/Business/Human Resources/Compensation & Benefits
Business,/Business/Human Resources/Corporate Training
Business,/Business/Human Resources/Payroll Services
Business,/Business/Human Resources/Recruitment & Staffing
Business,/Business/Management & Corporate Operations
Business,/Business/Management & Corporate Operations/Business Process
Business,/Business/Management & Corporate Operations/Strategic Planning
Business,/Business/Management & Corporate Operations/Supply Chain Management
Business,/Business/Office & Printing Services
Business,/Business/Office & Printing Services/Office & Facilities Management
Business,/Business/Office & Printing Services/Office Furniture
Business,/Business/Office & Printing Services/Office Supplies
Business,/Business/Office & Printing Services/Printing Services
Business,/Business/Office & Printing Services/Writing & Editing Services
Business,/Business/Small Business
Business,/Business/Small Business/Home Office
Business,/Business/Small Business/MLM & Business Opportunities
Computers & Electronics,/Computers & Electronics/Computer Security
Computers & Electronics,/Computers & Electronics/Computer Security/Antivirus & Malware
Computers & Electronics,/Computers & Electronics/Computer Security/Network Security
Computers & Electronics,/Computers & Electronics/Consumer Electronics
Computers & Electronics,/Computers & Electronics/Consumer Electronics/Audio Equipment
Computers & Electronics,/Computers & Electronics/Consumer Electronics/Audio Equipment/Home Stereo
Computers & Electronics,/Computers & Electronics/Consumer Electronics/Audio Equipment/MP3 Players
Computers & Electronics,/Computers & Electronics/Consumer Electronics/Home Video
Computers & Electronics,/Computers & Electronics/Consumer Electronics/Home Video/Televisions
Computers & Electronics,/Computers & Electronics/Consumer Electronics/Home Video/Video Players & Recorders
Computers & Electronics,/Computers & Electronics/Consumer Electronics/Personal Electronics
Computers & Electronics,/Computers & Electronics/Consumer Electronics/Personal Electronics/Handhelds & PDAs
Computers & Electronics,/Computers & Electronics/Electronics & Electrical
Computers & Electronics,/Computers & Electronics/Electronics & Electrical/Electromechanical Devices
Computers & Electronics,/Computers & Electronics/Electronics & Electrical/Electronic Components
Computers & Electronics,/Computers & Electronics/Electronics & Electrical/Optoelectronics & Fiber
Computers & Electronics,/Computers & Electronics/Electronics & Electrical/Power Supplies
Computers & Electronics,/Computers & Electronics/Electronics & Electrical/Test & Measurement
Computers & Electronics,/Computers & Electronics/Enterprise Technology
Computers & Electronics,/Computers & Electronics/Enterprise Technology/CRM
Computers & Electronics,/Computers & Electronics/Enterprise Technology/Data Management
Computers & Electronics,/Computers & Electronics/Enterprise Technology/ERP
Computers & Electronics,/Computers & Electronics/Hardware
Computers & Electronics,/Computers & Electronics/Hardware/Desktops
Computers & Electronics,/Computers & Electronics/Hardware/Hardware Components
Computers & Electronics,/Computers & Electronics/Hardware/Hardware Components/Chips & Processors
Computers & Electronics,/Computers & Electronics/Hardware/Hardware Components/Memory
Computers & Electronics,/Computers & Electronics/Hardware/Hardware Components/Sound & Video Cards
Computers & Electronics,/Computers & Electronics/Hardware/Laptops
Computers & Electronics,/Computers & Electronics/Hardware/Mods & Customization
Computers & Electronics,/Computers & Electronics/Hardware/Peripherals
Computers & Electronics,/Computers & Electronics/Hardware/Peripherals/Input Devices
Computers & Electronics,/Computers & Electronics/Hardware/Peripherals/Monitors
Computers & Electronics,/Computers & Electronics/Hardware/Peripherals/Printers
Computers & Electronics,/Computers & Electronics/Hardware/Peripherals/Scanners
Computers & Electronics,/Computers & Electronics/Hardware/Servers
Computers & Electronics,/Computers & Electronics/Hardware/Storage
Computers & Electronics,/Computers & Electronics/Hardware/Storage/Network Storage
Computers & Electronics,/Computers & Electronics/Networking
Computers & Electronics,/Computers & Electronics/Networking/Data Formats & Protocols
Computers & Electronics,/Computers & Electronics/Networking/Network Monitoring & Management
Computers & Electronics,/Computers & Electronics/Networking/Networking Equipment
Computers & Electronics,/Computers & Electronics/Programming
Computers & Electronics,/Computers & Electronics/Programming/C & C++
Computers & Electronics,/Computers & Electronics/Programming/Developer Jobs
Computers & Electronics,/Computers & Electronics/Programming/Development Tools
Computers & Electronics,/Computers & Electronics/Programming/Java
Computers & Electronics,/Computers & Electronics/Programming/Scripting Languages
Computers & Electronics,/Computers & Electronics/Programming/Windows & .NET
Computers & Electronics,/Computers & Electronics/Software
Computers & Electronics,/Computers & Electronics/Software/Audio & Multimedia
Computers & Electronics,/Computers & Electronics/Software/Business & Productivity
Computers & Electronics,/Computers & Electronics/Software/Device Drivers
Computers & Electronics,/Computers & Electronics/Software/Educational Software
Computers & Electronics,/Computers & Electronics/Software/Graphics & Publishing
Computers & Electronics,/Computers & Electronics/Software/Graphics & Publishing/Fonts
Computers & Electronics,/Computers & Electronics/Software/Internet Software
Computers & Electronics,/Computers & Electronics/Software/Internet Software/Content Management
Computers & Electronics,/Computers & Electronics/Software/Internet Software/Internet Clients & Browsers
Computers & Electronics,/Computers & Electronics/Software/Open Source
Computers & Electronics,/Computers & Electronics/Software/Operating Systems
Computers & Electronics,/Computers & Electronics/Software/Operating Systems/Linux & Unix
Computers & Electronics,/Computers & Electronics/Software/Operating Systems/Mac
Computers & Electronics,/Computers & Electronics/Software/Operating Systems/Windows
Computers & Electronics,/Computers & Electronics/Software/Software Utilities
Computers & Electronics,/Computers & Electronics/Tech Support
Entertainment,/Entertainment/Celebrities
Entertainment,/Entertainment/Clubs & Nightlife
Entertainment,/Entertainment/Comics & Animation
Entertainment,/Entertainment/Comics & Animation/Anime & Manga
Entertainment,/Entertainment/Comics & Animation/Cartoons
Entertainment,/Entertainment/Comics & Animation/Comics
Entertainment,/Entertainment/Dancing
Entertainment,/Entertainment/Entertainment Industry
Entertainment,/Entertainment/Fashion & Modeling
Entertainment,/Entertainment/Fun & Trivia
Entertainment,/Entertainment/Humor & Bizarre
Entertainment,/Entertainment/Humor & Bizarre/Bizarre
Entertainment,/Entertainment/Humor & Bizarre/Humor
Entertainment,/Entertainment/Humor & Bizarre/Paranormal
Entertainment,/Entertainment/Movies
Entertainment,/Entertainment/Movies/Bollywood & Lollywood
Entertainment,/Entertainment/Movies/Horror Films
Entertainment,/Entertainment/Movies/Movie Memorabilia
Entertainment,/Entertainment/Movies/Movie Rentals & Sales
Entertainment,/Entertainment/Movies/Science Fiction & Fantasy Films
Entertainment,/Entertainment/Multimedia Content
Entertainment,/Entertainment/Multimedia Content/Flash Content
Entertainment,/Entertainment/Multimedia Content/Podcasting
Entertainment,/Entertainment/Multimedia Content/Video Clips & Movie Downloads
Entertainment,/Entertainment/Music
Entertainment,/Entertainment/Music/Alternative-Punk-Metal
Entertainment,/Entertainment/Music/Christian
Entertainment,/Entertainment/Music/Classical
Entertainment,/Entertainment/Music/Country & Folk
Entertainment,/Entertainment/Music/Dance & Electronica
Entertainment,/Entertainment/Music/Jazz & R&B
Entertainment,/Entertainment/Music/Latin
Entertainment,/Entertainment/Music/Lyrics & Tabs
Entertainment,/Entertainment/Music/Music Art & Memorabilia
Entertainment,/Entertainment/Music/Music Retailers
Entertainment,/Entertainment/Music/Music Streams & Downloads
Entertainment,/Entertainment/Music/Musical Instruments
Entertainment,/Entertainment/Music/Rock & Pop
Entertainment,/Entertainment/Music/Urban & Hip-Hop
Entertainment,/Entertainment/Music/Vocals & Show Tunes
Entertainment,/Entertainment/Music/World Music
Entertainment,/Entertainment/Radio
Entertainment,/Entertainment/TV
Entertainment,/Entertainment/TV/TV Networks
Entertainment,/Entertainment/TV/TV Programs
Entertainment,/Entertainment/TV/TV Programs/Soap Operas
Finance & Insurance,/Finance & Insurance/Accounting & Tax
Finance & Insurance,/Finance & Insurance/Banking & Personal Finance
Finance & Insurance,/Finance & Insurance/Credit & Lending
Finance & Insurance,/Finance & Insurance/Credit & Lending/Credit Cards
Finance & Insurance,/Finance & Insurance/Credit & Lending/Debt Management
Finance & Insurance,/Finance & Insurance/Credit & Lending/Student Lending
Finance & Insurance,/Finance & Insurance/Currencies & Foreign Exchange
Finance & Insurance,/Finance & Insurance/Insurance
Finance & Insurance,/Finance & Insurance/Insurance/Risk Management
Finance & Insurance,/Finance & Insurance/Investing
Finance & Insurance,/Finance & Insurance/Retirement & Pension
Food & Drink,/Food & Drink/Alcoholic Beverages
Food & Drink,/Food & Drink/Alcoholic Beverages/Beer
Food & Drink,/Food & Drink/Alcoholic Beverages/Liquor
Food & Drink,/Food & Drink/Alcoholic Beverages/Wine
Food & Drink,/Food & Drink/Cooking & Recipes
Food & Drink,/Food & Drink/Cookware
Food & Drink,/Food & Drink/Culinary Training
Food & Drink,/Food & Drink/Food Retailers
Food & Drink,/Food & Drink/Nonalcoholic Beverages
Food & Drink,/Food & Drink/Restaurants
Food & Drink,/Food & Drink/Restaurants/Restaurant Supply
Games,/Games/Cards & Casino Games
Games,/Games/Lotto & Sweepstakes
Games,/Games/Roleplaying Games
Games,/Games/Video Games
Games,/Games/Video Games/Cheats & Hints
Games,/Games/Video Games/Online Games
Health,/Health/Aging & Geriatrics
Health,/Health/Aging & Geriatrics/Alzheimer's Disease
Health,/Health/Alternative & Natural Medicine
Health,/Health/Dental Care
Health,/Health/Health Conditions
Health,/Health/Health Conditions/AIDS & HIV
Health,/Health/Health Conditions/Allergies
Health,/Health/Health Conditions/Arthritis
Health,/Health/Health Conditions/Cancer
Health,/Health/Health Conditions/Cold & Flu
Health,/Health/Health Conditions/Diabetes
Health,/Health/Health Conditions/Eating Disorders
Health,/Health/Health Conditions/GERD & Digestive Disorders
Health,/Health/Health Conditions/Heart & Hypertension
Health,/Health/Health Conditions/Infectious Diseases
Health,/Health/Health Conditions/Injury
Health,/Health/Health Conditions/Obesity
Health,/Health/Health Conditions/Pain Management
Health,/Health/Health Conditions/Pain Management/Headaches & Migraines
Health,/Health/Health Conditions/Respiratory Conditions
Health,/Health/Health Conditions/Respiratory Conditions/Asthma
Health,/Health/Health Conditions/Skin Conditions
Health,/Health/Health Conditions/Sleep Disorders
Health,/Health/Health Education & Medical Training
Health,/Health/Health Foundations & Medical Research
Health,/Health/Health Insurance
Health,/Health/Medical Devices & Equipment
Health,/Health/Medical Facilities & Services
Health,/Health/Medical Facilities & Services/Doctors' Offices
Health,/Health/Medical Facilities & Services/Hospitals & Treatment Centers
Health,/Health/Medical Facilities & Services/Medical Procedures
Health,/Health/Medical Facilities & Services/Physical Therapy
Health,/Health/Medical Literature & Resources
Health,/Health/Men's Health
Health,/Health/Mental Health
Health,/Health/Mental Health/Anxiety & Stress
Health,/Health/Mental Health/Depression
Health,/Health/Mental Health/Learning & Developmental Disabilities
Health,/Health/Mental Health/Learning & Developmental Disabilities/ADD & ADHD
Health,/Health/Nursing
Health,/Health/Nursing/Assisted Living & Long Term Care
Health,/Health/Nutrition
Health,/Health/Nutrition/Special & Restricted Diets
Health,/Health/Nutrition/Special & Restricted Diets/Cholesterol
Health,/Health/Nutrition/Special & Restricted Diets/Vegetarian
Health,/Health/Nutrition/Vitamins & Supplements
Health,/Health/Occupational Health & Safety
Health,/Health/Pediatrics
Health,/Health/Pharmacy
Health,/Health/Pharmacy/Drugs & Medications
Health,/Health/Reproductive Health
Health,/Health/Reproductive Health/Birth Control
Health,/Health/Reproductive Health/Erectile Dysfunction
Health,/Health/Reproductive Health/Infertility
Health,/Health/Reproductive Health/OBGYN
Health,/Health/Reproductive Health/STDs
Health,/Health/Reproductive Health/Sexuality
Health,/Health/Substance Abuse
Health,/Health/Vision Care
Health,/Health/Women's Health
Home & Garden,/Home & Garden/Domestic Services
Home & Garden,/Home & Garden/Gardening
Home & Garden,/Home & Garden/Home Appliances
Home & Garden,/Home & Garden/Home Furnishings
Home & Garden,/Home & Garden/Home Furnishings/Lighting
Home & Garden,/Home & Garden/Home Improvement
Home & Garden,/Home & Garden/Homemaking & Interior Decor
Home & Garden,/Home & Garden/Pest Control
Industries,/Industries/Aerospace & Defense
Industries,/Industries/Aerospace & Defense/Defense Industry
Industries,/Industries/Aerospace & Defense/Space Technology
Industries,/Industries/Agriculture & Forestry
Industries,/Industries/Agriculture & Forestry/Agricultural Equipment
Industries,/Industries/Agriculture & Forestry/Aquaculture
Industries,/Industries/Agriculture & Forestry/Crops & Seed
Industries,/Industries/Agriculture & Forestry/Food Production
Industries,/Industries/Agriculture & Forestry/Forestry
Industries,/Industries/Agriculture & Forestry/Horticulture
Industries,/Industries/Agriculture & Forestry/Livestock
Industries,/Industries/Chemicals
Industries,/Industries/Chemicals/Agrochemicals
Industries,/Industries/Chemicals/Cleaning Agents
Industries,/Industries/Chemicals/Coatings & Adhesives
Industries,/Industries/Chemicals/Dyes & Pigments
Industries,/Industries/Chemicals/Plastics & Polymers
Industries,/Industries/Construction & Maintenance
Industries,/Industries/Construction & Maintenance/Building Materials
Industries,/Industries/Construction & Maintenance/Building Materials/Doors & Windows
Industries,/Industries/Construction & Maintenance/Building Materials/Heating Ventilation & Air Conditioning
Industries,/Industries/Construction & Maintenance/Building Materials/Nails Screws & Fasteners
Industries,/Industries/Construction & Maintenance/Building Materials/Plumbing Fixtures & Equipment
Industries,/Industries/Construction & Maintenance/Building Materials/Wood & Plastics
Industries,/Industries/Construction & Maintenance/Building Materials/Wood & Plastics/Flooring
Industries,/Industries/Construction & Maintenance/Civil Engineering
Industries,/Industries/Construction & Maintenance/Construction Contractors
Industries,/Industries/Construction & Maintenance/Property Development
Industries,/Industries/Construction & Maintenance/Urban & Regional Planning
Industries,/Industries/Design
Industries,/Industries/Design/Architecture
Industries,/Industries/Design/Graphic Design & Publishing
Industries,/Industries/Design/Industrial & Product Design
Industries,/Industries/Design/Interior Design
Industries,/Industries/Energy & Utilities
Industries,/Industries/Energy & Utilities/Alternative Energy
Industries,/Industries/Energy & Utilities/Electricity
Industries,/Industries/Energy & Utilities/Oil & Gas
Industries,/Industries/Energy & Utilities/Waste Management
Industries,/Industries/Engineering Technology
Industries,/Industries/Industrial Materials & Equipment
Industries,/Industries/Industrial Materials & Equipment/Generators
Industries,/Industries/Industrial Materials & Equipment/Heavy Machinery
Industries,/Industries/Industrial Materials & Equipment/Valves Hoses & Fittings
Industries,/Industries/Manufacturing
Industries,/Industries/Manufacturing/Factory Automation
Industries,/Industries/Metals & Mining
Industries,/Industries/Pharmaceutical & Biotech
Industries,/Industries/Retail Trade
Industries,/Industries/Retail Trade/Retail Equipment & Technology
Industries,/Industries/Textiles & Paper
Industries,/Industries/Transportation & Logistics
Industries,/Industries/Transportation & Logistics/Aviation
Industries,/Industries/Transportation & Logistics/Couriers & Messengers
Industries,/Industries/Transportation & Logistics/Distribution & Logistics
Industries,/Industries/Transportation & Logistics/Freight & Trucking
Industries,/Industries/Transportation & Logistics/Import & Export
Industries,/Industries/Transportation & Logistics/Maritime Transport
Industries,/Industries/Transportation & Logistics/Moving & Relocation
Industries,/Industries/Transportation & Logistics/Packaging
Industries,/Industries/Transportation & Logistics/Rail Transport
Industries,/Industries/Transportation & Logistics/Urban Transport
Internet,/Internet/File Sharing & Hosting
Internet,/Internet/Online Goodies
Internet,/Internet/Online Goodies/MySpace Codes & Graphics
Internet,/Internet/Online Goodies/Skins Themes & Screensavers
Internet,/Internet/Search Engine Optimization & Marketing
Internet,/Internet/Web Design & Development
Internet,/Internet/Web Hosting & Domain Registration
Internet,/Internet/Web Portals
Internet,/Internet/Web Services
Internet,/Internet/Web Services/Affiliate Programs
Internet,/Internet/Web Services/Email & Messaging
Internet,/Internet/Web Services/Search Engines
Internet,/Internet/Web Services/Web Stats & Analytics
Lifestyles,/Lifestyles/Activism & Social Issues
Lifestyles,/Lifestyles/Activism & Social Issues/Environmental Issues
Lifestyles,/Lifestyles/Charitable & Non-profits
Lifestyles,/Lifestyles/Clubs & Organizations
Lifestyles,/Lifestyles/Disabled & Special Needs
Lifestyles,/Lifestyles/Ethnic & Identity Groups
Lifestyles,/Lifestyles/Ethnic & Identity Groups/African-Americans
Lifestyles,/Lifestyles/Ethnic & Identity Groups/Africans
Lifestyles,/Lifestyles/Ethnic & Identity Groups/Arab & Middle Eastern
Lifestyles,/Lifestyles/Ethnic & Identity Groups/East Asians & Asian-Americans
Lifestyles,/Lifestyles/Ethnic & Identity Groups/East Indian & South Asians
Lifestyles,/Lifestyles/Ethnic & Identity Groups/GLBT
Lifestyles,/Lifestyles/Ethnic & Identity Groups/Indigenous Peoples
Lifestyles,/Lifestyles/Ethnic & Identity Groups/Indigenous Peoples/Native Americans
Lifestyles,/Lifestyles/Ethnic & Identity Groups/Jewish Culture
Lifestyles,/Lifestyles/Ethnic & Identity Groups/Latinos & Latin-Americans
Lifestyles,/Lifestyles/Ethnic & Identity Groups/Russians & Eastern Europeans
Lifestyles,/Lifestyles/Ethnic & Identity Groups/Southeast Asians & Pacific Islanders
Lifestyles,/Lifestyles/Ethnic & Identity Groups/Western Europeans
Lifestyles,/Lifestyles/Holidays & Seasonal Events
Lifestyles,/Lifestyles/Kids & Teens
Lifestyles,/Lifestyles/Kids & Teens/Children
Lifestyles,/Lifestyles/Kids & Teens/Teenagers
Lifestyles,/Lifestyles/Kids & Teens/Toys
Lifestyles,/Lifestyles/Men's Interests
Lifestyles,/Lifestyles/Men's Interests/Men's Interests (Mature)
Lifestyles,/Lifestyles/Parenting & Family
Lifestyles,/Lifestyles/Parenting & Family/Baby Care
Lifestyles,/Lifestyles/Parenting & Family/Child Care
Lifestyles,/Lifestyles/Parenting & Family/Genealogy
Lifestyles,/Lifestyles/Parenting & Family/Pregnancy & Maternity
Lifestyles,/Lifestyles/Parenting & Family/Youth Camps
Lifestyles,/Lifestyles/Religion & Spirituality
Lifestyles,/Lifestyles/Religion & Spirituality/Astrology & Divination
Lifestyles,/Lifestyles/Religion & Spirituality/Religion
Lifestyles,/Lifestyles/Religion & Spirituality/Religion/Buddhism
Lifestyles,/Lifestyles/Religion & Spirituality/Religion/Christianity
Lifestyles,/Lifestyles/Religion & Spirituality/Religion/Hinduism
Lifestyles,/Lifestyles/Religion & Spirituality/Religion/Islam
Lifestyles,/Lifestyles/Religion & Spirituality/Religion/Judaism
Lifestyles,/Lifestyles/Religion & Spirituality/Spirituality
Lifestyles,/Lifestyles/Self-Help & Motivational
Lifestyles,/Lifestyles/Seniors & Retirement
Lifestyles,/Lifestyles/Subcultures & Niche Interests
Lifestyles,/Lifestyles/Subcultures & Niche Interests/Gothic Community
Lifestyles,/Lifestyles/Subcultures & Niche Interests/Science Fiction & Fantasy
Lifestyles,/Lifestyles/Weddings
Lifestyles,/Lifestyles/Women's Interests
Local,/Local/Classifieds
Local,/Local/Event Listings
Local,/Local/Jobs
Local,/Local/Regional Content
Local,/Local/Regional Content/Africa
Local,/Local/Regional Content/Caribbean
Local,/Local/Regional Content/Central & Eastern Europe
Local,/Local/Regional Content/Central & Eastern Europe/Greece
Local,/Local/Regional Content/Central & South Asia
Local,/Local/Regional Content/Central & South Asia/Afghanistan
Local,/Local/Regional Content/Central & South Asia/India
Local,/Local/Regional Content/Central & South Asia/Iran
Local,/Local/Regional Content/Central & South Asia/Pakistan
Local,/Local/Regional Content/East Asia
Local,/Local/Regional Content/East Asia/China
Local,/Local/Regional Content/East Asia/Japan
Local,/Local/Regional Content/East Asia/Korea
Local,/Local/Regional Content/Mexico & Central America
Local,/Local/Regional Content/Mexico & Central America/Costa Rica
Local,/Local/Regional Content/Mexico & Central America/Mexico
Local,/Local/Regional Content/Middle East
Local,/Local/Regional Content/Middle East/Egypt
Local,/Local/Regional Content/Middle East/Iraq
Local,/Local/Regional Content/Middle East/Israel
Local,/Local/Regional Content/Middle East/Lebanon
Local,/Local/Regional Content/Middle East/Turkey
Local,/Local/Regional Content/Middle East/United Arab Emirates
Local,/Local/Regional Content/Oceania
Local,/Local/Regional Content/Oceania/Australia
Local,/Local/Regional Content/Oceania/New Zealand
Local,/Local/Regional Content/Oceania/Pacific Islands
Local,/Local/Regional Content/Polar Regions
Local,/Local/Regional Content/Russia & Caucasus
Local,/Local/Regional Content/South America
Local,/Local/Regional Content/South America/Argentina
Local,/Local/Regional Content/South America/Brazil
Local,/Local/Regional Content/South America/Peru
Local,/Local/Regional Content/Southeast Asia
Local,/Local/Regional Content/Southeast Asia/Indonesia
Local,/Local/Regional Content/Southeast Asia/Malaysia
Local,/Local/Regional Content/Southeast Asia/Philippines
Local,/Local/Regional Content/Southeast Asia/Singapore
Local,/Local/Regional Content/Southeast Asia/Thailand
Local,/Local/Regional Content/Southeast Asia/Vietnam
Local,/Local/Regional Content/US & Canada
Local,/Local/Regional Content/US & Canada/Canada
Local,/Local/Regional Content/US & Canada/USA
Local,/Local/Regional Content/Western Europe
Local,/Local/Regional Content/Western Europe/France
Local,/Local/Regional Content/Western Europe/Germany
Local,/Local/Regional Content/Western Europe/Ireland
Local,/Local/Regional Content/Western Europe/Italy
Local,/Local/Regional Content/Western Europe/Netherlands
Local,/Local/Regional Content/Western Europe/Portugal
Local,/Local/Regional Content/Western Europe/Spain
Local,/Local/Regional Content/Western Europe/Sweden
Local,/Local/Regional Content/Western Europe/United Kingdom
Local,/Local/Traffic & Public Transit
Local,/Local/Weather
News & Current Events,/News & Current Events/Business News
News & Current Events,/News & Current Events/Gossip & Tabloids
News & Current Events,/News & Current Events/Local News
News & Current Events,/News & Current Events/Magazines
News & Current Events,/News & Current Events/News Networks
News & Current Events,/News & Current Events/Newspapers
News & Current Events,/News & Current Events/Politics
News & Current Events,/News & Current Events/Politics/Conservative Sites & Organizations
News & Current Events,/News & Current Events/Politics/Elections & Campaigns
News & Current Events,/News & Current Events/Politics/Liberal Sites & Organizations
News & Current Events,/News & Current Events/Technology News
Photo & Video,/Photo & Video/Photo & Video Equipment
Photo & Video,/Photo & Video/Photo & Video Equipment/Cameras & Camcorders
Photo & Video,/Photo & Video/Photo & Video Equipment/Cameras & Camcorders/Camcorders
Photo & Video,/Photo & Video/Photo & Video Equipment/Cameras & Camcorders/Cameras
Photo & Video,/Photo & Video/Photo & Video Sharing
Photo & Video,/Photo & Video/Photo & Video Software
Photo & Video,/Photo & Video/Professional Photo & Video Services
Photo & Video,/Photo & Video/Stock Photography
Photo & Video,/Photo & Video/Webcams & Virtual Tours
Real Estate,/Real Estate/Home Financing
Real Estate,/Real Estate/Home Inspections & Appraisal
Real Estate,/Real Estate/Home Insurance
Real Estate,/Real Estate/Property Management
Real Estate,/Real Estate/Real Estate Agencies
Real Estate,/Real Estate/Rental Listings & Referrals
Recreation,/Recreation/Boating
Recreation,/Recreation/Cycling
Recreation,/Recreation/Equestrian
Recreation,/Recreation/Hobbies
Recreation,/Recreation/Hobbies/Crafts
Recreation,/Recreation/Hobbies/Paintball
Recreation,/Recreation/Hobbies/Radio Control & Modeling
Recreation,/Recreation/Outdoors
Recreation,/Recreation/Outdoors/Fishing
Recreation,/Recreation/Outdoors/Hiking & Camping
Recreation,/Recreation/Outdoors/Hunting & Shooting
Recreation,/Recreation/Running
Recreation,/Recreation/Surf & Swim
Reference,/Reference/Biographies & Quotations
Reference,/Reference/Business & Personal Listings
Reference,/Reference/Calculators & Reference Tools
Reference,/Reference/Dictionaries & Encyclopedias
Reference,/Reference/Educational Resources
Reference,/Reference/Forms Guides & Templates
Reference,/Reference/How-To & Expert Content
Reference,/Reference/Language Study & Translation
Reference,/Reference/Libraries & Museums
Reference,/Reference/Maps & Geography
Reference,/Reference/Online Directories
Reference,/Reference/Time & Calendars
Science,/Science/Astronomy
Science,/Science/Biological Sciences
Science,/Science/Biological Sciences/Anatomy
Science,/Science/Chemistry
Science,/Science/Ecology
Science,/Science/Geology
Science,/Science/Marine Science
Science,/Science/Mathematics
Science,/Science/Physics
Science,/Science/Scientific Equipment
Science,/Science/Scientific Institutions
Shopping,/Shopping/Antiques & Collectibles
Shopping,/Shopping/Apparel
Shopping,/Shopping/Apparel/Clothing Labels & Designers
Shopping,/Shopping/Apparel/Clothing Retailers
Shopping,/Shopping/Apparel/Footwear
Shopping,/Shopping/Apparel/Lingerie & Undergarments
Shopping,/Shopping/Apparel/T-Shirts
Shopping,/Shopping/Apparel/Watches & Accessories
Shopping,/Shopping/Auctions
Shopping,/Shopping/Consumer Affairs & Product Reviews
Shopping,/Shopping/Consumer Affairs & Product Reviews/Consumer Affairs
Shopping,/Shopping/Consumer Affairs & Product Reviews/Price Comparisons
Shopping,/Shopping/Consumer Affairs & Product Reviews/Product Reviews
Shopping,/Shopping/Coupons & Rebates
Shopping,/Shopping/Customer Services
Shopping,/Shopping/Customer Services/Warranties & Service Contracts
Shopping,/Shopping/Flowers Gifts & Greetings
Shopping,/Shopping/Flowers Gifts & Greetings/Cards & Greetings
Shopping,/Shopping/Flowers Gifts & Greetings/Flowers
Shopping,/Shopping/Flowers Gifts & Greetings/Gifts
Shopping,/Shopping/Flowers Gifts & Greetings/Parties & Occasions
Shopping,/Shopping/Luxury Goods
Shopping,/Shopping/Luxury Goods/Gems & Jewelry
Shopping,/Shopping/Mass Merchants & Department Stores
Shopping,/Shopping/Shopping Portals & Search Engines
Shopping,/Shopping/Ticket Sales
Shopping,/Shopping/Tobacco Products
Social Networks & Online Communities,/Social Networks & Online Communities/Blogging Resources & Services
Social Networks & Online Communities,/Social Networks & Online Communities/Dating & Relationships
Social Networks & Online Communities,/Social Networks & Online Communities/Dating & Relationships/Matrimonial Services
Social Networks & Online Communities,/Social Networks & Online Communities/Dating & Relationships/Personals
Social Networks & Online Communities,/Social Networks & Online Communities/Dating & Relationships/Photo Rating Sites
Social Networks & Online Communities,/Social Networks & Online Communities/Forum & Chat Providers
Social Networks & Online Communities,/Social Networks & Online Communities/Online Journals & Personal Sites
Social Networks & Online Communities,/Social Networks & Online Communities/Social Networks
Society,/Society/Education
Society,/Society/Education/Colleges & Universities
Society,/Society/Education/Distance Learning
Society,/Society/Education/Homeschooling
Society,/Society/Education/K-12
Society,/Society/Education/Lesson Plans & Teaching Resources
Society,/Society/Education/Test Preparation
Society,/Society/Education/Vocational & Continuing Education
Society,/Society/Government & Regulatory Bodies
Society,/Society/Government & Regulatory Bodies/Royalty
Society,/Society/Government & Regulatory Bodies/Visa & Immigration
Society,/Society/Labor & Unions
Society,/Society/Legal
Society,/Society/Legal/Accident & Personal Injury Law
Society,/Society/Legal/Bankruptcy
Society,/Society/Legal/Criminal Law
Society,/Society/Legal/Family Law
Society,/Society/Legal/Intellectual Property
Society,/Society/Legal/Labor & Employment Law
Society,/Society/Legal/Law Schools & Training
Society,/Society/Military
Society,/Society/Military/Veterans
Society,/Society/Public Safety
Society,/Society/Public Safety/Crime & Justice
Society,/Society/Public Safety/Emergency Services
Society,/Society/Public Safety/Law Enforcement
Society,/Society/Public Safety/Security Products & Services
Society,/Society/Social Science
Society,/Society/Social Science/Demographics
Society,/Society/Social Science/Economics
Society,/Society/Social Science/International Relations
Society,/Society/Social Science/Psychology
Society,/Society/Social Services
Society,/Society/Social Services/Counseling Services
Society,/Society/Social Services/Welfare & Unemployment
Sports,/Sports/Baseball
Sports,/Sports/Basketball
Sports,/Sports/Cheerleading
Sports,/Sports/Combat Sports
Sports,/Sports/Combat Sports/Boxing
Sports,/Sports/Combat Sports/Martial Arts
Sports,/Sports/Combat Sports/Wrestling
Sports,/Sports/Cricket
Sports,/Sports/Extreme Sports
Sports,/Sports/Football
Sports,/Sports/Golf
Sports,/Sports/Gymnastics
Sports,/Sports/Hockey
Sports,/Sports/Horse & Dog Racing
Sports,/Sports/Motor Sports
Sports,/Sports/Olympics & International Competitions
Sports,/Sports/Racquet Sports
Sports,/Sports/Rugby
Sports,/Sports/Soccer
Sports,/Sports/Sporting Goods
Sports,/Sports/Sports Magazines
Sports,/Sports/Track & Field
Sports,/Sports/Volleyball
Sports,/Sports/Water Sports
Sports,/Sports/Winter Sports
Telecommunications,/Telecommunications/Communications Equipment
Telecommunications,/Telecommunications/Location & Tracking (GIS-GPS)
Telecommunications,/Telecommunications/Mobile & Wireless
Telecommunications,/Telecommunications/Mobile & Wireless/Mobile & Wireless Retailers
Telecommunications,/Telecommunications/Mobile & Wireless/Mobile Phones
Telecommunications,/Telecommunications/Mobile & Wireless/Ringtones & Mobile Goodies
Telecommunications,/Telecommunications/Service Providers
Telecommunications,/Telecommunications/Service Providers/Cable & Satellite Providers
Telecommunications,/Telecommunications/Service Providers/ISPs
Telecommunications,/Telecommunications/Service Providers/Phone Service Providers
Telecommunications,/Telecommunications/Service Providers/Phone Service Providers/Calling Cards
Telecommunications,/Telecommunications/Teleconferencing
Telecommunications,/Telecommunications/VOIP & Internet Telephony
Travel,/Travel/Adventure Travel
Travel,/Travel/Air Travel
Travel,/Travel/Attractions & Activities
Travel,/Travel/Bus & Rail
Travel,/Travel/Car Rental & Taxi Services
Travel,/Travel/Cruises & Charters
Travel,/Travel/Hotels & Accommodations
Travel,/Travel/Vacation Destinations
Travel,/Travel/Vacation Destinations/Australia
Travel,/Travel/Vacation Destinations/Caribbean Islands
Travel,/Travel/Vacation Destinations/Hawaii
Travel,/Travel/Vacation Destinations/Hong Kong
Travel,/Travel/Vacation Destinations/Las Vegas
Travel,/Travel/Vacation Destinations/Mexico
Travel,/Travel/Vacation Destinations/New York City
Travel,/Travel/Vacation Destinations/Orlando
